Year,StateAbbr,CityName,Population2010,CityFIPS,Binge drinking among adults aged >=18 Years,Current smoking among adults aged >=18 Years,No leisure-time physical activity among adults aged >=18 Years,Obesity among adults aged >=18 Years,Sleeping less than 7 hours among adults aged >=18 Years
2014,AK,Anchorage,291826,203000,20.2,18.3,19.2,27.7,33.4
2014,AL,Birmingham,212237,107000,11.4,22.0,31.7,39.0,46.9
2014,AL,Hoover,81619,135896,15.7,13.2,17.8,24.7,34.6
2014,AL,Huntsville,180105,137000,12.3,21.3,24.9,32.0,39.7
2014,AL,Mobile,195111,150000,12.8,22.0,27.4,37.6,42.2
2014,AL,Montgomery,205764,151000,12.2,21.3,27.9,36.8,41.3
2014,AL,Tuscaloosa,90468,177256,12.1,23.2,28.6,38.5,41.4
2014,AR,Fayetteville,73580,523290,15.3,21.3,25.0,30.4,33.5
2014,AR,Fort Smith,86209,524550,13.1,26.1,33.9,35.8,38.0
2014,AR,Jonesboro,67263,535710,14.4,24.3,30.1,32.9,35.8
2014,AR,Little Rock,193524,541000,13.8,20.8,26.7,31.0,36.5
2014,AR,Springdale,69797,566080,13.9,25.6,33.6,34.5,36.2
2014,AZ,Avondale,76238,404720,14.7,18.5,24.3,30.1,36.2
2014,AZ,Chandler,236123,412000,16.2,15.3,17.4,24.5,32.9
2014,AZ,Gilbert,208453,427400,17.2,14.7,15.6,23.5,32.0
2014,AZ,Glendale,226721,427820,14.7,19.8,23.7,29.6,35.8
2014,AZ,Mesa,439041,446000,15.6,19.3,21.3,28.3,34.7
2014,AZ,Peoria,154065,454050,16.6,17.4,18.6,26.0,33.5
2014,AZ,Phoenix,1445632,455000,14.5,19.6,24.1,30.1,35.6
2014,AZ,Scottsdale,217385,465000,17.1,14.0,14.6,23.2,30.8
2014,AZ,Surprise,117517,471510,16.4,17.4,18.5,26.3,33.7
2014,AZ,Tempe,161719,473000,15.3,17.5,19.4,27.2,34.0
2014,AZ,Tucson,520116,477000,13.7,19.2,22.6,30.4,34.8
2014,AZ,Yuma,93064,485540,15.2,17.7,24.9,33.3,36.0
2014,CA,Alameda,73812,600562,15.0,11.9,18.7,18.7,32.3
2014,CA,Alhambra,83089,600884,12.0,12.2,24.8,18.1,38.4
2014,CA,Anaheim,336265,602000,16.3,15.2,26.2,23.3,33.8
2014,CA,Antioch,102372,602252,15.8,16.1,24.4,30.5,37.9
2014,CA,Apple Valley,69135,602364,16.9,18.1,23.1,27.0,36.7
2014,CA,Bakersfield,347483,603526,16.8,17.6,27.1,30.3,34.8
2014,CA,Baldwin Park,75390,603666,14.3,15.3,30.0,27.4,38.9
2014,CA,Bellflower,76616,604982,14.9,16.0,25.9,27.4,39.0
2014,CA,Berkeley,112580,606000,15.8,11.3,16.5,21.0,30.9
2014,CA,Buena Park,80530,608786,15.8,14.0,24.4,20.5,33.9
2014,CA,Burbank,103340,608954,17.7,13.4,18.0,21.9,34.2
2014,CA,Carlsbad,105328,611194,19.7,11.6,15.8,20.1,31.4
2014,CA,Carson,91714,611530,14.0,13.7,23.8,24.4,39.8
2014,CA,Chico,86187,613014,18.4,17.0,20.6,27.1,33.5
2014,CA,Chino,77983,613210,16.9,14.2,22.4,24.7,36.0
2014,CA,Chino Hills,74799,613214,15.9,10.7,17.8,18.6,34.2
2014,CA,Chula Vista,243916,613392,16.6,12.8,24.0,23.9,35.7
2014,CA,Citrus Heights,83301,613588,18.3,18.9,20.4,26.8,32.2
2014,CA,Clovis,95631,614218,17.6,13.8,21.8,23.6,29.6
2014,CA,Compton,96455,615044,13.5,19.4,32.2,35.5,43.2
2014,CA,Concord,122067,616000,16.9,14.5,21.6,27.5,35.1
2014,CA,Corona,152374,616350,16.8,14.6,23.3,26.3,36.5
2014,CA,Costa Mesa,109960,616532,18.4,14.4,21.3,22.2,31.6
2014,CA,Daly City,101123,617918,12.7,11.1,23.2,17.6,35.1
2014,CA,Downey,111772,619766,16.0,13.5,23.8,26.3,36.5
2014,CA,El Cajon,99478,621712,17.1,19.2,26.1,27.1,36.9
2014,CA,El Monte,113475,622230,12.7,17.0,33.0,26.4,40.4
2014,CA,Elk Grove,153015,622020,15.8,14.3,19.3,22.3,32.9
2014,CA,Escondido,143911,622804,16.7,17.1,26.7,26.5,36.4
2014,CA,Fairfield,105321,623182,16.4,15.8,22.8,26.7,35.3
2014,CA,Folsom,72203,624638,19.5,13.5,15.2,21.8,29.8
2014,CA,Fontana,196069,624680,15.5,15.6,26.6,28.1,37.7
2014,CA,Fremont,214089,626000,13.7,10.1,18.7,15.6,32.5
2014,CA,Fresno,494665,627000,14.7,16.8,30.3,28.7,32.9
2014,CA,Fullerton,135161,628000,16.3,13.7,22.5,20.6,32.7
2014,CA,Garden Grove,170883,629000,14.5,15.4,28.1,19.9,35.6
2014,CA,Glendale,191719,630000,16.2,15.3,20.5,22.5,35.3
2014,CA,Hawthorne,84293,632548,14.3,16.4,26.6,30.1,40.3
2014,CA,Hayward,144186,633000,14.4,14.5,24.7,23.8,35.6
2014,CA,Hemet,78657,633182,15.4,20.5,29.1,31.5,39.0
2014,CA,Hesperia,90173,633434,15.9,19.1,26.8,29.2,37.6
2014,CA,Huntington Beach,189992,636000,19.6,13.2,18.0,19.6,30.4
2014,CA,Indio,76036,636448,15.4,17.3,29.6,31.6,38.0
2014,CA,Inglewood,109673,636546,13.8,17.4,27.9,33.6,42.4
2014,CA,Irvine,212375,636770,15.9,10.1,17.2,15.6,30.6
2014,CA,Lake Forest,77264,639496,19.2,11.9,17.9,19.2,30.3
2014,CA,Lakewood,80048,639892,16.8,13.5,19.7,22.4,36.2
2014,CA,Lancaster,156633,640130,15.8,18.2,25.5,29.3,39.3
2014,CA,Livermore,80968,641992,18.5,12.8,17.2,21.0,30.6
2014,CA,Long Beach,462257,643000,15.2,15.6,23.9,26.2,37.9
2014,CA,Los Angeles,3792621,644000,15.1,15.6,25.1,26.7,37.5
2014,CA,Lynwood,69772,644574,13.6,18.6,34.0,34.2,40.8
2014,CA,Manteca,67096,645484,17.1,16.9,25.1,27.8,34.9
2014,CA,Menifee,77519,646842,17.7,16.2,22.8,27.0,36.7
2014,CA,Merced,78958,646898,14.1,18.5,30.2,31.6,36.0
2014,CA,Milpitas,66790,647766,12.2,10.4,21.1,15.2,35.6
2014,CA,Mission Viejo,93305,648256,20.2,11.9,16.2,18.8,29.5
2014,CA,Modesto,201165,648354,16.4,18.0,25.6,30.0,35.5
2014,CA,Moreno Valley,193365,649270,14.8,17.7,29.3,31.7,40.1
2014,CA,Mountain View,74066,649670,15.7,9.4,15.7,18.4,31.0
2014,CA,Murrieta,103466,650076,17.8,14.5,20.3,24.8,35.7
2014,CA,Napa,76915,650258,17.8,15.5,21.6,26.1,30.9
2014,CA,Newport Beach,85186,651182,20.5,10.5,13.8,17.8,27.7
2014,CA,Norwalk,105549,652526,15.3,14.4,26.0,26.5,37.9
2014,CA,Oakland,390724,653000,14.0,15.2,24.5,25.8,36.0
2014,CA,Oceanside,167086,653322,18.0,15.3,22.6,24.4,35.4
2014,CA,Ontario,163924,653896,15.5,16.2,27.1,28.4,37.5
2014,CA,Orange,136416,653980,18.2,14.0,21.5,21.6,31.8
2014,CA,Oxnard,197899,654652,15.3,15.5,29.2,27.8,32.5
2014,CA,Palmdale,152750,655156,15.2,17.5,27.0,29.6,39.0
2014,CA,Pasadena,137122,656000,16.0,12.4,19.2,23.0,35.0
2014,CA,Perris,68386,656700,14.3,18.7,33.3,34.0,40.6
2014,CA,Pleasanton,70285,657792,17.3,10.2,15.1,17.5,29.6
2014,CA,Pomona,149058,658072,14.5,16.3,28.5,29.2,38.8
2014,CA,Rancho Cucamonga,165269,659451,17.5,13.1,18.8,23.0,34.7
2014,CA,Redding,89861,659920,17.7,18.6,20.7,27.1,33.7
2014,CA,Redlands,68747,659962,17.3,13.7,18.9,23.2,34.0
2014,CA,Redondo Beach,66748,660018,18.9,10.5,13.9,19.3,31.8
2014,CA,Redwood City,76815,660102,17.1,12.4,19.9,23.7,31.5
2014,CA,Rialto,99171,660466,14.9,17.3,28.6,30.8,39.0
2014,CA,Richmond,103701,660620,14.0,16.2,27.3,32.5,39.7
2014,CA,Riverside,303871,662000,15.6,16.9,26.7,29.4,38.0
2014,CA,Roseville,118788,662938,19.0,13.9,17.7,22.6,31.3
2014,CA,Sacramento,466488,664000,14.9,17.9,24.1,27.3,34.6
2014,CA,Salinas,150441,664224,15.4,17.6,30.1,29.8,35.4
2014,CA,San Bernardino,209924,665000,14.0,20.0,31.5,32.2,39.9
2014,CA,San Buenaventura (Ventura),106433,665042,18.3,13.7,19.6,23.5,29.0
2014,CA,San Diego,1307402,666000,17.3,13.1,21.0,22.2,34.6
2014,CA,San Francisco,805235,667000,16.6,12.8,20.1,18.4,33.6
2014,CA,San Jose,945942,668000,14.1,12.2,21.7,20.5,34.6
2014,CA,San Leandro,84950,668084,14.2,13.9,23.4,21.4,35.1
2014,CA,San Marcos,83781,668196,17.6,14.7,22.6,23.7,34.9
2014,CA,San Mateo,97207,668252,16.9,11.3,18.3,21.1,31.4
2014,CA,San Ramon,72148,668378,16.4,8.9,14.8,19.3,32.0
2014,CA,Santa Ana,324528,669000,15.2,17.1,32.5,26.9,35.7
2014,CA,Santa Barbara,88410,669070,17.2,13.5,19.0,23.7,31.2
2014,CA,Santa Clara,116468,669084,14.4,10.3,17.8,18.1,32.9
2014,CA,Santa Clarita,176320,669088,18.1,13.5,18.2,22.7,34.4
2014,CA,Santa Maria,99553,669196,14.5,18.3,30.0,29.3,35.9
2014,CA,Santa Monica,89736,670000,18.1,10.7,14.2,20.3,31.6
2014,CA,Santa Rosa,167815,670098,16.7,15.1,20.1,23.2,31.0
2014,CA,Simi Valley,124237,672016,18.5,13.2,18.8,21.6,29.0
2014,CA,South Gate,94396,673080,14.6,16.5,31.9,31.8,38.7
2014,CA,Stockton,291707,675000,13.6,18.0,31.0,29.4,38.0
2014,CA,Sunnyvale,140081,677000,14.1,9.3,16.9,16.9,32.2
2014,CA,Temecula,100097,678120,18.0,14.3,19.9,24.3,35.4
2014,CA,Thousand Oaks,126683,678582,18.6,11.8,16.8,20.4,27.6
2014,CA,Torrance,145438,680000,15.7,11.0,17.4,17.7,34.8
2014,CA,Tracy,82922,680238,16.5,15.2,24.5,26.1,35.1
2014,CA,Turlock,68549,680812,17.1,17.1,24.1,28.8,34.5
2014,CA,Tustin,75540,680854,16.5,13.3,22.4,20.5,32.3
2014,CA,Union City,69516,681204,12.8,11.8,22.9,17.3,35.0
2014,CA,Upland,73732,681344,16.6,14.3,20.8,24.5,35.2
2014,CA,Vacaville,92428,681554,19.0,15.6,19.8,26.2,33.5
2014,CA,Vallejo,115942,681666,14.5,15.8,24.6,26.6,36.9
2014,CA,Victorville,115903,682590,15.1,19.1,27.8,30.4,39.2
2014,CA,Visalia,124442,682954,16.3,15.7,25.1,29.4,32.8
2014,CA,Vista,93834,682996,17.4,16.6,25.4,26.3,36.2
2014,CA,West Covina,106098,684200,14.8,12.3,22.8,22.3,37.1
2014,CA,Westminster,89701,684550,13.5,15.8,28.7,18.4,36.2
2014,CA,Whittier,85331,685292,17.1,12.9,21.5,25.7,35.2
2014,CO,Arvada,106433,803455,20.4,16.5,14.4,20.0,26.6
2014,CO,Aurora,325078,804000,16.5,18.2,19.9,25.8,33.2
2014,CO,Boulder,97385,807850,17.6,12.1,11.6,16.6,25.4
2014,CO,Centennial,100377,812815,19.8,12.7,12.2,19.3,27.9
2014,CO,Colorado Springs,416427,816000,15.2,17.2,17.0,23.3,30.0
2014,CO,Denver,600158,820000,19.9,17.0,16.7,19.7,28.1
2014,CO,Fort Collins,143986,827425,18.0,14.7,14.5,20.1,24.5
2014,CO,Greeley,92889,832155,16.1,18.6,22.1,27.0,31.7
2014,CO,Lakewood,142980,843000,19.4,16.8,15.7,20.9,27.1
2014,CO,Longmont,86270,845970,17.6,14.5,14.8,18.2,27.2
2014,CO,Loveland,66859,846465,18.9,15.7,15.1,20.1,24.8
2014,CO,Pueblo,106595,862000,14.5,20.5,23.8,30.6,35.0
2014,CO,Thornton,118772,877290,17.5,18.5,18.2,25.1,31.1
2014,CO,Westminster,106114,883835,18.7,17.0,16.1,22.3,28.9
2014,CT,Bridgeport,144229,908000,14.4,22.6,29.7,32.5,40.6
2014,CT,Danbury,80893,918430,17.2,19.2,22.6,25.1,35.4
2014,CT,Hartford,124775,937000,12.3,21.6,33.8,38.6,42.0
2014,CT,New Britain,73206,950370,14.7,19.7,27.7,32.4,37.4
2014,CT,New Haven,129779,952000,12.9,19.6,28.1,35.3,42.6
2014,CT,Norwalk,85603,955990,17.6,16.4,19.8,24.6,34.4
2014,CT,Stamford,122643,973000,17.1,16.0,20.0,24.2,34.3
2014,CT,Waterbury,110366,980000,13.8,21.9,29.0,34.5,41.9
2014,DC,Washington,601723,1150000,20.3,18.0,20.5,25.4,35.2
2014,DE,Wilmington,70851,1077580,14.7,24.6,31.4,39.3,44.2
2014,FL,Boca Raton,84392,1207300,18.9,15.1,17.6,20.9,34.8
2014,FL,Boynton Beach,68217,1207875,16.4,20.6,24.5,26.7,40.7
2014,FL,Cape Coral,154305,1210275,19.5,20.6,20.8,25.5,34.0
2014,FL,Clearwater,107685,1212875,20.0,22.6,21.9,28.5,37.3
2014,FL,Coral Springs,121096,1214400,18.1,15.5,20.4,24.1,36.2
2014,FL,Davie,91992,1216475,18.4,15.6,20.5,23.7,35.3
2014,FL,Deerfield Beach,75018,1216725,16.8,21.3,25.7,28.4,39.3
2014,FL,Deltona,85182,1217200,19.2,23.0,25.9,27.3,37.1
2014,FL,Fort Lauderdale,165521,1224000,17.5,19.2,23.2,27.5,38.3
2014,FL,Gainesville,124354,1225175,16.3,19.7,22.6,27.9,36.2
2014,FL,Hialeah,224669,1230000,14.2,17.6,34.7,32.2,36.7
2014,FL,Hollywood,140768,1232000,17.3,17.9,24.0,26.8,37.5
2014,FL,Jacksonville,821784,1235000,17.4,21.1,25.5,30.6,37.8
2014,FL,Lakeland,97422,1238250,16.7,21.9,26.0,31.2,37.8
2014,FL,Largo,77648,1239425,20.2,23.9,22.3,28.0,37.5
2014,FL,Lauderhill,66887,1239550,13.5,22.6,29.4,34.7,45.8
2014,FL,Melbourne,76068,1243975,20.5,21.6,22.7,25.0,37.8
2014,FL,Miami,399457,1245000,14.3,18.9,32.8,32.1,37.4
2014,FL,Miami Beach,87779,1245025,17.0,15.1,23.4,25.8,32.8
2014,FL,Miami Gardens,107167,1245060,12.9,21.9,31.4,35.5,43.7
2014,FL,Miramar,122041,1245975,16.2,14.6,22.4,27.5,39.6
2014,FL,Orlando,238300,1253000,16.8,18.9,26.3,28.6,36.0
2014,FL,Palm Bay,103190,1254000,19.6,23.1,24.9,27.0,39.5
2014,FL,Palm Coast,75180,1254200,18.5,20.8,23.2,26.1,35.6
2014,FL,Pembroke Pines,154750,1255775,17.6,13.8,21.0,24.7,36.5
2014,FL,Plantation,84955,1257425,18.3,14.6,19.0,23.7,35.7
2014,FL,Pompano Beach,99845,1258050,16.5,21.8,26.6,29.4,40.0
2014,FL,Port St. Lucie,164603,1258715,18.8,21.2,23.4,27.3,37.1
2014,FL,St. Petersburg,244769,1263000,19.5,22.3,21.5,29.0,38.3
2014,FL,Sunrise,84439,1269700,16.9,17.2,23.5,27.1,38.9
2014,FL,Tallahassee,181376,1270600,17.4,18.9,21.7,28.7,36.6
2014,FL,Tampa,335709,1271000,17.5,19.9,23.3,30.6,37.9
2014,FL,West Palm Beach,99919,1276600,16.1,19.5,24.9,27.2,40.6
2014,GA,Albany,77434,1301052,10.9,23.7,33.1,40.4,46.9
2014,GA,Athens,115452,1303440,13.2,18.9,26.5,32.2,38.5
2014,GA,Atlanta,420003,1304000,14.1,16.6,22.4,31.6,40.4
2014,GA,Augusta,195844,1304204,12.5,21.8,28.1,36.0,44.1
2014,GA,Columbus,189885,1319000,13.5,20.3,25.8,33.2,42.9
2014,GA,Johns Creek,76728,1342425,15.8,10.1,14.1,19.0,32.9
2014,GA,Macon,91351,1349000,11.2,25.9,34.5,42.9,46.0
2014,GA,Roswell,88346,1367284,16.9,12.2,15.7,23.3,33.4
2014,GA,Sandy Springs,93853,1368516,15.8,12.3,15.9,24.2,34.3
2014,GA,Savannah,136286,1369000,13.5,21.0,26.9,36.0,44.6
2014,GA,Warner Robins,66588,1380508,13.3,19.3,26.9,33.6,40.7
2014,HI,Honolulu,953207,15003,19.0,15.5,22.2,22.1,48.0
2014,IA,Cedar Rapids,126326,1912000,20.5,18.7,23.1,32.0,29.0
2014,IA,Davenport,99685,1919000,20.9,20.9,23.4,33.3,33.2
2014,IA,Des Moines,203433,1921000,18.3,22.9,25.2,32.6,31.3
2014,IA,Iowa City,67862,1938595,20.1,16.3,19.9,28.5,27.4
2014,IA,Sioux City,82684,1973335,19.7,22.8,27.7,35.5,33.2
2014,IA,Waterloo,68406,1982425,21.1,21.6,25.3,35.3,33.5
2014,ID,Boise City,205671,1608830,15.8,16.4,16.4,25.8,28.9
2014,ID,Meridian,75092,1652120,16.6,15.9,15.5,24.8,28.5
2014,ID,Nampa,81557,1656260,14.2,21.0,23.3,35.1,34.3
2014,IL,Arlington Heights,75101,1702154,23.6,14.1,17.0,21.5,30.2
2014,IL,Aurora,197899,1703012,18.5,17.6,27.0,32.0,35.5
2014,IL,Bloomington,76610,1706613,19.5,16.9,21.7,29.1,33.1
2014,IL,Bolingbrook,73366,1707133,19.2,16.2,23.8,31.8,37.8
2014,IL,Champaign,81055,1712385,18.6,16.8,22.4,30.2,33.6
2014,IL,Chicago,2695598,1714000,18.7,19.1,27.6,31.3,37.4
2014,IL,Cicero,83891,1714351,18.5,19.9,34.8,33.9,37.1
2014,IL,Decatur,76122,1718823,18.4,23.4,28.1,35.3,36.6
2014,IL,Elgin,108188,1723074,19.7,17.7,25.8,30.8,35.1
2014,IL,Evanston,74486,1724582,20.9,13.6,18.0,24.0,32.0
2014,IL,Joliet,147433,1738570,19.8,19.5,26.4,35.2,38.1
2014,IL,Naperville,141853,1751622,20.6,11.3,15.9,22.7,30.5
2014,IL,Palatine,68557,1757225,22.2,14.9,19.3,22.8,31.4
2014,IL,Peoria,115007,1759000,18.4,20.0,25.6,34.2,37.1
2014,IL,Rockford,152871,1765000,18.0,22.4,31.1,37.5,37.3
2014,IL,Schaumburg,74227,1768003,21.6,14.4,19.1,21.1,32.1
2014,IL,Springfield,116250,1772000,19.1,19.9,24.7,32.2,34.8
2014,IL,Waukegan,89078,1779293,16.4,20.3,32.6,35.6,37.3
2014,IN,Bloomington,80405,1805860,13.9,19.8,23.1,29.0,35.1
2014,IN,Carmel,79191,1810342,17.1,11.8,15.0,24.6,29.0
2014,IN,Evansville,117429,1822000,15.8,25.3,28.9,35.1,39.3
2014,IN,Fishers,76794,1823278,17.5,12.6,15.4,25.7,29.6
2014,IN,Fort Wayne,253691,1825000,14.9,23.7,26.2,33.4,36.3
2014,IN,Gary,80294,1827000,10.3,31.4,37.3,46.9,52.0
2014,IN,Hammond,80830,1831000,13.7,27.2,32.2,37.5,43.6
2014,IN,Indianapolis,820445,1836003,14.9,23.9,27.6,34.9,39.2
2014,IN,Lafayette,67140,1840788,14.8,23.2,25.4,31.8,38.0
2014,IN,Muncie,70085,1851876,13.1,27.9,30.8,36.7,39.5
2014,IN,South Bend,101168,1871000,13.6,25.0,29.6,37.3,40.6
2014,KS,Kansas City,145786,2036000,14.3,25.2,32.2,38.2,36.5
2014,KS,Lawrence,87643,2038900,16.8,17.3,20.2,28.2,28.2
2014,KS,Olathe,125872,2052575,18.0,15.2,19.6,27.3,27.7
2014,KS,Overland Park,173372,2053775,17.9,12.9,17.1,25.3,26.4
2014,KS,Topeka,127473,2071000,14.6,24.1,26.1,34.9,31.4
2014,KS,Wichita,382368,2079000,13.9,20.8,25.8,34.3,32.7
2014,KY,Lexington,295803,2146027,12.4,23.2,26.3,30.8,37.4
2014,KY,Louisville,597337,2148006,14.6,25.5,27.8,32.9,37.8
2014,LA,Baton Rouge,229493,2205000,15.7,22.8,30.4,36.8,36.6
2014,LA,Kenner,66702,2239475,17.6,21.0,29.1,36.7,37.6
2014,LA,Lafayette,120623,2240735,17.2,23.8,27.8,34.1,35.0
2014,LA,Lake Charles,71993,2241155,15.3,28.0,32.5,36.9,39.0
2014,LA,New Orleans,343829,2255000,17.3,23.6,28.2,34.4,38.5
2014,LA,Shreveport,199311,2270000,15.7,25.9,31.7,37.1,40.7
2014,MA,Boston,617594,2507000,17.7,17.4,21.6,26.0,36.8
2014,MA,Brockton,93810,2509000,16.4,26.0,28.8,35.9,45.7
2014,MA,Cambridge,105162,2511000,17.4,12.1,17.7,23.3,33.5
2014,MA,Fall River,88857,2523000,17.4,28.6,28.8,32.5,43.9
2014,MA,Lawrence,76377,2534550,15.1,20.9,34.9,35.9,42.5
2014,MA,Lowell,106519,2537000,16.1,19.9,27.8,26.7,38.6
2014,MA,Lynn,90329,2537490,16.6,21.3,28.7,31.6,41.7
2014,MA,New Bedford,95072,2545000,16.9,27.9,29.5,33.6,44.5
2014,MA,Newton,85146,2545560,19.2,10.7,14.9,20.4,31.2
2014,MA,Quincy,92271,2555745,16.5,16.8,21.4,21.9,36.9
2014,MA,Somerville,75754,2562535,18.1,14.9,20.2,24.8,34.2
2014,MA,Springfield,153060,2567000,15.1,24.4,33.3,33.1,43.5
2014,MA,Worcester,181045,2582000,16.0,21.4,24.9,31.1,40.4
2014,MD,Baltimore,620961,2404000,13.9,23.2,26.3,35.6,44.4
2014,ME,Portland,66194,2360545,18.0,16.1,18.0,26.2,30.3
2014,MI,Ann Arbor,113934,2603000,18.7,13.1,16.8,26.4,31.0
2014,MI,Dearborn,98153,2621000,19.4,25.8,25.6,31.2,38.8
2014,MI,Detroit,713777,2622000,13.5,29.8,36.4,45.2,50.8
2014,MI,Farmington Hills,79740,2627440,19.8,14.2,18.1,26.4,35.6
2014,MI,Flint,102434,2629000,14.8,28.5,36.4,42.7,44.0
2014,MI,Grand Rapids,188040,2634000,18.9,20.5,27.0,35.1,35.8
2014,MI,Kalamazoo,74262,2642160,17.7,21.6,26.3,41.2,35.5
2014,MI,Lansing,114297,2646000,17.7,22.5,28.2,36.1,36.4
2014,MI,Livonia,96942,2649000,22.7,18.4,18.2,25.7,35.5
2014,MI,Rochester Hills,70995,2669035,21.0,14.1,17.3,24.7,34.1
2014,MI,Southfield,71739,2674900,16.5,17.6,23.6,36.7,43.5
2014,MI,Sterling Heights,129699,2676460,20.6,22.9,24.7,30.9,36.2
2014,MI,Troy,80980,2680700,19.9,13.3,17.6,23.2,34.2
2014,MI,Warren,134056,2684000,19.3,27.2,29.0,34.9,38.7
2014,MI,Westland,84094,2686000,19.8,24.0,24.6,31.0,40.1
2014,MI,Wyoming,72125,2688940,20.4,20.4,26.3,32.6,34.7
2014,MN,Bloomington,82893,2706616,21.1,15.5,17.5,23.1,29.0
2014,MN,Brooklyn Park,75781,2707966,18.4,17.5,21.3,25.4,32.4
2014,MN,Duluth,86265,2717000,21.2,22.0,21.5,30.1,31.1
2014,MN,Minneapolis,382578,2743000,19.1,17.4,20.6,26.7,30.7
2014,MN,Plymouth,70576,2751730,21.6,12.6,14.4,20.9,26.9
2014,MN,Rochester,106769,2754880,21.1,15.0,18.5,27.1,29.5
2014,MN,St. Paul,285068,2758000,18.0,19.7,22.6,29.6,31.2
2014,MO,Columbia,108500,2915670,15.6,18.3,21.3,29.2,30.0
2014,MO,Independence,116830,2935000,15.9,25.0,25.4,32.2,33.7
2014,MO,Kansas City,459787,2938000,14.7,22.3,25.7,34.7,35.6
2014,MO,Lee's Summit,91364,2941348,17.4,17.6,18.0,27.5,30.4
2014,MO,O'Fallon,79329,2954074,17.6,17.8,20.5,24.9,32.4
2014,MO,Springfield,159498,2970000,15.1,24.4,26.2,35.9,34.6
2014,MO,St. Joseph,76780,2964550,15.6,24.8,27.9,32.4,37.9
2014,MO,St. Louis,319294,2965000,14.9,24.9,27.6,37.0,39.0
2014,MS,Gulfport,67793,2829700,13.7,24.1,30.7,34.6,38.9
2014,MS,Jackson,173514,2836000,11.4,23.4,33.0,40.6,43.6
2014,MT,Billings,104170,3006550,19.6,21.6,20.3,27.6,30.0
2014,MT,Missoula,66788,3050200,20.1,18.3,17.1,25.5,29.4
2014,NC,Asheville,83393,3702140,14.9,19.0,20.1,26.4,30.3
2014,NC,Cary,135234,3710740,15.9,12.8,14.4,21.2,27.9
2014,NC,Charlotte,731424,3712000,14.7,16.8,20.5,27.8,34.0
2014,NC,Concord,79066,3714100,14.0,20.1,22.5,28.2,33.5
2014,NC,Durham,228330,3719000,13.2,17.0,22.8,31.3,33.5
2014,NC,Fayetteville,200564,3722920,13.3,21.0,24.1,34.6,39.9
2014,NC,Gastonia,71741,3725580,13.3,24.8,28.3,32.6,38.7
2014,NC,Greensboro,269666,3728000,13.6,19.8,22.7,32.8,35.0
2014,NC,Greenville,84554,3728080,12.4,20.4,24.6,32.0,35.7
2014,NC,High Point,104371,3731400,13.6,21.5,24.6,32.7,35.2
2014,NC,Jacksonville,70145,3734200,14.6,21.5,24.2,31.6,36.7
2014,NC,Raleigh,403892,3755000,14.5,16.7,18.6,27.4,31.7
2014,NC,Wilmington,106476,3774440,15.1,18.8,20.5,28.2,32.5
2014,NC,Winston-Salem,229617,3775000,12.7,20.5,24.8,34.8,36.3
2014,ND,Fargo,105549,3825700,23.0,17.7,18.9,31.7,29.0
2014,NE,Lincoln,258379,3128000,21.8,18.6,18.8,27.8,30.7
2014,NE,Omaha,408958,3137000,20.9,20.4,22.3,30.6,32.8
2014,NH,Manchester,109565,3345140,16.4,19.8,21.6,31.2,36.5
2014,NH,Nashua,86494,3350260,16.5,17.6,19.8,29.4,35.5
2014,NJ,Camden,77344,3410000,12.1,24.9,41.6,42.2,50.8
2014,NJ,Clifton,84136,3413690,18.8,16.5,23.3,25.9,38.6
2014,NJ,Elizabeth,124969,3421000,14.7,21.1,33.2,32.7,43.4
2014,NJ,Jersey City,247597,3436000,15.0,16.2,28.6,25.4,43.7
2014,NJ,Newark,277140,3451000,13.3,24.0,35.8,37.6,48.0
2014,NJ,Passaic,69781,3456550,14.8,21.6,37.3,35.6,43.6
2014,NJ,Paterson,146199,3457000,14.5,22.2,36.3,37.3,45.7
2014,NJ,Trenton,84913,3474000,14.1,27.0,34.8,39.3,45.3
2014,NJ,Union City,66455,3474630,16.0,18.0,36.0,31.4,43.2
2014,NM,Albuquerque,545852,3502000,14.5,18.8,20.4,25.5,32.8
2014,NM,Las Cruces,97618,3539380,15.7,17.9,21.1,28.8,32.2
2014,NM,Rio Rancho,87521,3563460,16.2,16.2,18.3,25.0,31.9
2014,NM,Santa Fe,67947,3570500,14.3,16.0,17.0,19.4,27.1
2014,NV,Henderson,257729,3231900,17.6,17.7,20.5,26.1,36.2
2014,NV,Las Vegas,583756,3240000,15.9,20.4,26.2,30.3,38.9
2014,NV,North Las Vegas,216961,3251800,14.9,21.4,29.0,32.4,41.0
2014,NV,Reno,225221,3260600,19.0,19.3,20.3,22.8,33.7
2014,NV,Sparks,90264,3268400,19.4,19.3,20.5,22.6,33.9
2014,NY,Albany,97856,3601000,15.5,19.0,26.1,31.1,39.7
2014,NY,Buffalo,261310,3611000,15.6,22.8,31.2,36.3,43.6
2014,NY,Mount Vernon,67292,3649121,14.2,18.0,28.0,33.5,46.7
2014,NY,New Rochelle,77062,3650617,16.8,14.4,23.3,26.7,39.9
2014,NY,New York,8175133,3651000,15.5,16.8,28.8,26.3,41.0
2014,NY,Rochester,210565,3663000,14.3,22.8,30.1,38.6,42.4
2014,NY,Schenectady,66135,3665508,16.0,23.2,28.6,32.5,41.6
2014,NY,Syracuse,145170,3673000,14.8,24.1,30.7,33.7,39.7
2014,NY,Yonkers,195976,3684000,16.0,16.0,26.5,28.2,41.2
2014,OH,Akron,199110,3901000,14.8,26.8,31.0,37.3,44.1
2014,OH,Canton,73007,3912000,15.6,28.1,32.6,38.6,41.5
2014,OH,Cincinnati,296943,3915000,15.9,24.0,27.0,36.5,38.9
2014,OH,Cleveland,396815,3916000,15.2,27.9,34.2,42.1,45.4
2014,OH,Columbus,787033,3918000,17.0,21.7,27.0,35.0,40.2
2014,OH,Dayton,141527,3921000,13.6,28.7,32.2,47.2,45.7
2014,OH,Parma,81601,3961000,21.3,21.9,22.6,29.8,36.5
2014,OH,Toledo,287208,3977000,17.4,25.5,32.5,41.0,40.2
2014,OH,Youngstown,66982,3988000,14.4,30.2,36.5,43.8,46.0
2014,OK,Broken Arrow,98850,4009050,15.3,18.2,23.0,27.2,33.9
2014,OK,Edmond,81405,4023200,15.2,15.4,20.1,26.8,31.8
2014,OK,Lawton,96867,4041850,12.7,23.3,31.3,35.4,39.3
2014,OK,Norman,110925,4052500,14.3,19.6,26.3,30.6,34.0
2014,OK,Oklahoma City,579999,4055000,13.4,20.5,28.5,32.4,35.9
2014,OK,Tulsa,391906,4075000,13.4,21.4,28.1,31.7,36.6
2014,OR,Beaverton,89803,4105350,17.3,14.4,15.3,25.1,32.2
2014,OR,Bend,76639,4105800,20.1,16.0,14.6,26.1,30.0
2014,OR,Eugene,156185,4123850,18.9,17.7,14.9,28.7,31.4
2014,OR,Gresham,105594,4131250,20.1,22.0,18.9,26.9,31.1
2014,OR,Hillsboro,91611,4134100,17.7,15.5,16.2,26.0,32.8
2014,OR,Medford,74907,4147000,19.2,22.6,20.3,29.7,33.1
2014,OR,Portland,583776,4159000,20.4,17.9,15.4,24.3,29.2
2014,OR,Salem,154637,4164900,17.6,19.0,18.5,32.6,31.8
2014,PA,Allentown,118032,4202000,15.4,24.3,32.3,36.6,42.3
2014,PA,Bethlehem,74982,4206088,17.0,21.2,26.2,33.6,38.7
2014,PA,Erie,101786,4224000,16.9,27.6,26.1,36.0,37.3
2014,PA,Philadelphia,1526006,4260000,17.5,25.5,29.0,33.9,44.3
2014,PA,Pittsburgh,305704,4261000,18.9,23.1,24.6,33.1,40.5
2014,PA,Reading,88082,4263624,12.9,28.0,37.1,41.7,41.3
2014,PA,Scranton,76089,4269000,16.5,25.2,27.3,32.1,39.6
2014,RI,Cranston,80387,4419180,18.8,18.1,24.0,25.5,38.7
2014,RI,Pawtucket,71148,4454640,16.5,22.3,30.3,30.3,42.2
2014,RI,Providence,178042,4459000,14.9,20.2,32.2,31.6,42.4
2014,RI,Warwick,82672,4474300,20.0,18.3,22.0,28.9,36.5
2014,SC,Charleston,120083,4513330,19.9,17.4,19.4,28.0,34.7
2014,SC,Columbia,129272,4516000,15.9,20.3,24.9,34.4,40.9
2014,SC,Mount Pleasant,67843,4548535,22.9,13.7,14.6,22.7,30.3
2014,SC,North Charleston,97471,4550875,16.8,23.7,28.4,35.5,40.6
2014,SC,Rock Hill,66154,4561405,14.6,21.7,24.2,33.8,40.0
2014,SD,Rapid City,67956,4652980,17.9,22.1,20.3,28.1,28.6
2014,SD,Sioux Falls,153888,4659020,18.7,19.0,19.8,30.5,27.4
2014,TN,Chattanooga,167674,4714000,11.0,24.1,29.2,35.1,38.1
2014,TN,Clarksville,132929,4715160,11.7,23.2,28.2,30.8,38.3
2014,TN,Knoxville,178874,4740000,10.8,25.4,27.7,32.4,39.0
2014,TN,Memphis,646889,4748000,9.6,24.4,31.6,36.3,39.8
2014,TN,Murfreesboro,108755,4751560,12.4,21.7,24.5,29.9,36.7
2014,TN,Nashville,601222,4752006,12.3,22.6,26.7,31.1,36.3
2014,TX,Abilene,117063,4801000,16.2,19.6,27.7,33.7,35.4
2014,TX,Allen,84246,4801924,18.7,12.0,18.8,24.2,32.1
2014,TX,Amarillo,190695,4803000,16.5,18.5,27.9,32.0,32.9
2014,TX,Arlington,365438,4804000,15.3,17.0,26.0,32.2,35.5
2014,TX,Austin,790390,4805000,18.9,13.2,21.4,26.0,29.0
2014,TX,Baytown,71802,4806128,15.8,18.2,30.0,34.4,35.9
2014,TX,Beaumont,118296,4807000,15.0,20.9,30.4,37.4,38.1
2014,TX,Brownsville,175023,4810768,12.8,17.7,37.7,39.9,35.1
2014,TX,Bryan,76201,4810912,14.5,18.2,29.2,34.8,33.6
2014,TX,Carrollton,119097,4813024,16.4,14.5,23.8,26.8,31.8
2014,TX,College Station,93857,4815976,15.4,13.9,21.8,28.3,30.3
2014,TX,Corpus Christi,305215,4817000,17.0,17.7,29.0,37.3,35.4
2014,TX,Dallas,1197816,4819000,15.2,17.9,30.5,34.3,34.9
2014,TX,Denton,113383,4819972,16.4,16.9,24.1,29.9,32.3
2014,TX,Edinburg,77100,4822660,14.3,13.7,30.1,36.5,31.9
2014,TX,El Paso,649121,4824000,16.3,15.6,29.0,35.5,34.0
2014,TX,Fort Worth,741206,4827000,15.3,18.0,28.3,34.2,36.1
2014,TX,Frisco,116989,4827684,18.8,11.2,17.3,23.7,30.4
2014,TX,Garland,226876,4829000,15.6,17.4,29.2,30.8,34.0
2014,TX,Grand Prairie,175396,4830464,15.6,16.4,28.2,32.0,34.6
2014,TX,Houston,2099451,4835000,14.9,16.4,29.7,33.9,36.0
2014,TX,Irving,216290,4837000,15.2,15.9,28.3,29.7,33.1
2014,TX,Killeen,127921,4839148,14.7,19.1,28.7,33.8,37.8
2014,TX,Laredo,236091,4841464,13.6,16.9,37.6,38.6,33.3
2014,TX,League City,83560,4841980,17.6,13.7,18.3,26.8,31.0
2014,TX,Lewisville,95290,4842508,16.8,15.6,23.8,28.3,32.3
2014,TX,Longview,80455,4843888,16.0,20.6,28.7,35.7,36.0
2014,TX,Lubbock,229573,4845000,16.3,18.2,27.8,33.0,33.5
2014,TX,McAllen,129877,4845384,14.3,13.3,29.5,35.6,31.4
2014,TX,McKinney,131117,4845744,18.9,13.5,20.9,27.0,32.8
2014,TX,Mesquite,139824,4847892,16.2,17.9,28.1,32.1,34.1
2014,TX,Midland,111147,4848072,17.6,16.9,25.8,32.1,33.7
2014,TX,Mission,77058,4848768,14.4,13.9,30.1,35.8,31.7
2014,TX,Missouri City,67358,4848804,15.1,13.3,23.5,29.0,36.4
2014,TX,Odessa,99940,4853388,17.0,18.2,30.1,35.0,35.3
2014,TX,Pasadena,149043,4856000,15.9,17.1,31.0,33.6,34.6
2014,TX,Pearland,91252,4856348,16.6,12.8,20.7,27.5,30.9
2014,TX,Pharr,70400,4857200,13.1,16.2,35.6,39.6,33.5
2014,TX,Plano,259841,4858016,17.7,11.8,19.6,24.0,32.3
2014,TX,Richardson,99223,4861796,17.2,12.7,20.6,24.7,30.9
2014,TX,Round Rock,99887,4863500,17.5,13.9,21.3,32.2,30.5
2014,TX,San Angelo,93200,4864472,16.8,18.7,28.7,34.2,33.5
2014,TX,San Antonio,1327407,4865000,15.7,15.2,29.5,32.9,36.8
2014,TX,Sugar Land,78817,4870808,15.6,11.2,20.9,21.1,32.8
2014,TX,Tyler,96900,4874144,15.4,19.6,29.4,34.7,35.7
2014,TX,Waco,124805,4876000,15.1,20.8,31.6,36.4,35.9
2014,TX,Wichita Falls,104553,4879000,16.6,21.0,28.7,34.1,33.5
2014,UT,Layton,67311,4943660,9.5,9.7,16.9,27.0,32.0
2014,UT,Ogden,82825,4955980,9.9,15.4,23.1,33.9,36.8
2014,UT,Orem,88328,4957300,7.6,7.9,17.1,28.0,31.6
2014,UT,Provo,112488,4962470,7.1,8.4,18.3,29.4,32.2
2014,UT,Salt Lake City,186440,4967000,11.6,11.2,19.0,28.2,32.0
2014,UT,Sandy,87461,4967440,13.5,9.8,15.0,24.7,30.2
2014,UT,St. George,72897,4965330,10.2,10.2,18.3,26.1,31.9
2014,UT,West Jordan,103712,4982950,13.0,11.1,17.4,26.5,31.9
2014,UT,West Valley City,129480,4983470,11.2,13.7,23.6,30.4,34.7
2014,VA,Alexandria,139966,5101000,15.1,13.0,17.6,23.3,34.5
2014,VA,Chesapeake,222209,5116000,15.2,19.0,23.3,31.4,37.8
2014,VA,Hampton,137436,5135000,13.9,22.2,26.0,37.7,44.4
2014,VA,Lynchburg,75568,5147672,14.2,22.1,27.1,32.2,38.1
2014,VA,Newport News,180719,5156000,14.8,22.3,25.6,32.8,41.7
2014,VA,Norfolk,242803,5157000,16.2,22.4,26.7,33.1,39.9
2014,VA,Portsmouth,95535,5164000,14.3,22.8,28.7,38.6,40.0
2014,VA,Richmond,204214,5167000,15.0,24.3,25.7,33.1,40.0
2014,VA,Roanoke,97032,5168000,14.9,24.2,27.6,32.7,39.1
2014,VA,Suffolk,84585,5176432,14.4,21.4,25.7,33.6,39.3
2014,VA,Virginia Beach,437994,5182000,17.1,18.6,21.4,29.5,36.1
2014,VT,Burlington,42417,5010675,18.0,16.3,17.7,22.6,28.7
2014,WA,Auburn,70180,5303180,18.5,17.6,18.7,27.0,33.4
2014,WA,Bellevue,122363,5305210,18.2,9.6,12.2,18.8,29.1
2014,WA,Bellingham,80885,5305280,18.3,16.6,17.6,27.0,27.5
2014,WA,Everett,103019,5322640,16.0,18.2,20.4,32.3,35.7
2014,WA,Federal Way,89306,5323515,17.7,15.7,18.2,25.9,33.6
2014,WA,Kennewick,73917,5335275,18.0,18.6,21.6,31.2,33.1
2014,WA,Kent,92411,5335415,17.3,16.8,19.3,26.5,34.2
2014,WA,Renton,90927,5357745,17.7,14.1,16.8,23.5,32.9
2014,WA,Seattle,608660,5363000,19.1,11.7,13.6,22.4,29.9
2014,WA,Spokane,208916,5367000,18.5,19.6,19.7,32.6,32.9
2014,WA,Spokane Valley,89755,5367167,19.6,19.0,18.6,31.5,32.5
2014,WA,Tacoma,198397,5370000,16.9,20.2,21.6,30.8,37.7
2014,WA,Vancouver,161791,5374060,17.3,18.4,19.5,29.5,34.4
2014,WA,Yakima,91067,5380010,17.3,20.6,27.2,34.2,34.3
2014,WI,Appleton,72623,5502375,25.4,16.7,19.4,29.6,28.6
2014,WI,Green Bay,104057,5531000,24.0,20.5,23.2,32.3,32.0
2014,WI,Kenosha,99218,5539225,22.3,20.2,22.9,35.3,33.5
2014,WI,Madison,233209,5548000,22.7,14.0,17.7,27.5,30.3
2014,WI,Milwaukee,594833,5553000,19.8,23.7,28.6,39.0,40.8
2014,WI,Racine,78860,5566000,21.9,21.1,25.0,36.9,36.3
2014,WI,Waukesha,70718,5584250,23.5,16.8,18.9,30.7,29.7
2014,WV,Charleston,51400,5414600,11.8,24.1,23.6,33.2,38.3
2014,WY,Cheyenne,59466,5613900,16.4,21.8,24.2,29.6,31.4
